,0,1,2,3,4,5,6,7,8
0,0.8828002434935711,0.4609356337314019,0.9992344423176129,1.6829395851273379,2.900992162466022,1.8979755455398983,-0.13665477899306822,0.959534389401185,0.5165662448379122
1,-0.0634489006757647,1.1211739596701364,-0.754952236112891,0.359956341415558,1.2637067726902975,0.011458421597175361,-0.02906219699350765,0.1682526039209158,0.5834451747405058
2,-0.32188317742595673,-0.4615777273145968,-0.5518499841633033,0.4010316742435358,1.3495390030348617,0.543475851017178,0.16344363139765683,-0.17117833369694024,-0.5280647402809031
3,0.4002084594050803,0.45088170302149067,0.38101671957369154,0.17611691918591887,1.0186589525729257,0.27858496618133866,-0.4919579275492304,-0.20096214630271425,-0.40738490116061454
4,-0.6068940637904936,0.20256250192264913,-0.486589951633133,-0.2853963472755342,0.9408177698266924,0.28192703185885626,0.16671722661877553,0.3280971813054603,-0.6754052900592274
5,-0.000522616406773091,0.957671965291313,0.6362024482017066,0.9529659906250723,4.648043771626598,1.396375689229052,-0.13012061565240396,1.352849701763748,0.22224528149687162
6,-0.4527249508564054,-0.23591178050072426,-0.5128684208417825,-0.40628864253204056,0.24707637283469563,-0.12422276354173212,-0.7058817509492998,-0.2840387755999563,-0.21785170683589472
7,-0.8577494638085313,-0.7628528452100928,-0.787126360910497,-0.08620498837416912,0.12299502225849213,-0.16145987889525015,-0.3892503236578527,-0.4314469254305012,-0.5187518464487766
8,-0.5945979406458668,-0.5773351252943839,-0.19539134931465807,-0.0552413704789777,1.274923608375949,0.7957609228493117,-0.7437352469259284,-0.23344060595747362,0.24083204751106946
9,0.038112307260181444,0.07076751852462682,-0.5648724260563237,0.26629371453370076,0.5167982361021157,-0.04489434751614663,0.46645708119251705,0.38430654609694304,-0.2477860536489005
10,0.24910573825968374,0.3168659472617985,1.1545168933605923,3.2556148440437918,8.223682279231278,2.9290738802907788,1.9757564069537312,1.4945547215179968,0.38824114711822455
11,2.173067239950925,2.749639859134365,1.7339098580106689,-0.06576169663305387,5.321265841983255,3.3527603927078573,-0.731286793179317,2.6440317450774518,2.1028500103069194
12,0.28865181425682773,1.1748347429767874,0.13972660027263162,-0.09538359377466377,1.4849614226985661,-0.012128627294921701,-0.35195567639599123,0.9155690828921497,0.1670867004833243
13,-0.45306066807401313,-0.048555157800884485,-0.4532638140545424,0.2533584252729342,0.5017591636830057,-0.43451341044656966,-0.4386696579167294,-0.6083576077861381,-0.6867471126844182
14,0.24707417999751669,0.6216426092121279,0.983052283914535,0.3591922072135125,2.692799444579186,0.48335615272598265,2.4021608855331498,1.954144238717856,0.03064454807991379
15,-0.2601595918869736,0.2869230923750412,0.5271419159954567,0.5327560540313576,2.690159237358916,2.5150907488837353,0.4441506069239751,0.6985664025589737,-0.006591333388891507
16,0.2122787470681391,-0.5954173137932749,-0.3642634906202964,-0.1867894689385441,0.5583205783609244,0.5090895998231031,-0.6113145769079862,-0.01555146590224965,-0.46259939861503163
17,1.8135205080518202,0.7671402838074803,2.711150453852835,3.6946539943752432,5.0990818625902214,2.1977370293415133,0.6880318149763325,1.7607284105063705,2.111701905881781
18,0.3960779304926847,-0.05912378176582056,0.34742037494376166,0.3519395606460112,1.0788896748466081,0.32218904547932303,-0.536840131515407,-0.1718287999232716,-0.25355852366720477
19,0.7315523071654084,1.2547787172720697,-0.35797152069177685,0.7968923984904042,2.674844657779866,0.9096076848516721,0.3443063118610701,1.2833887993035358,0.45715140069961224
20,-0.3293303856874016,1.5978221175602174,-0.005547653308850653,-0.18369386747688699,1.6917787046405972,1.510283945015836,0.302769940033651,0.8903350408655257,0.95499567099873
21,0.03197495497686442,0.6262788014849163,-0.21002493007488487,-0.5239772654599062,0.5635812189656402,0.30174506958479874,-0.47049788361142586,-0.15160879134018024,-0.07338976742124648
22,1.8952071026294166,0.6120096870326535,-0.7691864773224697,0.7024636295339244,5.965748108136976,3.4552199300005277,-0.03889711385397154,4.418910640519085,1.7669107794840504
23,-0.7813750342708707,0.8131997936724014,0.20565977893395182,-0.46435691203660734,0.7733676675867525,-0.6796625263119638,0.48134179776441033,0.6445089424337702,-0.6796084992806788
24,0.149654014407971,0.6858185899091969,1.4197607269420174,0.8087565625702073,2.2652147409893906,1.2183502583242114,1.6830262485721526,1.4559161129006744,0.38218316014516396
25,0.7559601416173061,0.31705757887295416,-0.3839987429296866,1.2035686871735458,2.8772427969031154,1.0620056865137522,-0.28085998721646144,0.6701975327451515,0.9891475033166239
26,0.17900539575882668,-0.3654551198514123,-0.23742126210772174,0.6325174607223651,0.8076368023232829,0.746748497238348,-0.6798114576598158,-0.2367444930651803,0.19000860718104495
27,0.6184453056028758,1.3251683785767288,-0.2753688519743924,1.9622840414774223,3.120947311049517,0.9920660313853848,0.40220005876731535,1.3690250872390584,0.37348198215693573
28,0.17764090161912782,0.3402051381646163,0.368155695315185,0.6113150729335035,1.3576683822588467,0.21122729875348556,-0.045176977163130516,0.16164132875821213,-0.09376656142082074
29,0.008163145984888542,0.9028793168398157,0.5785170266470057,1.693775838289631,1.9903705408837515,1.210036671040867,1.3800691422275948,0.25932224495937684,-0.10283658109846805
30,-0.36684498659675646,0.9909463465146262,-0.5684050547348243,0.9502949150013249,0.9837322725621551,0.2673145718676162,-0.04122069428922592,0.14121503163672955,-0.2913574688124483
31,0.40553347731624423,0.21140728881579673,-0.7739414694248576,-0.2238292216069745,0.854022654389105,0.41530885120462036,-0.8276633308223649,-0.2679221542047433,0.5757903100411876
32,0.33158263013881695,1.1112389796664042,2.2763219410469495,0.024415983352299664,2.9500790567327018,1.8755818417291414,1.0415410163276895,1.1300272997891576,0.018195236975174778
33,-0.3960292363609451,-0.2729049037932938,-0.1670097994092793,0.08727848453890341,2.209371356499386,1.375852357272203,0.1890723798418572,0.5377340791390461,-0.2683592278895257
34,0.38949141435597867,0.48954260513480086,1.3202221292103307,0.7220229368852831,4.244577849132613,2.719377619125285,0.13095363469586885,2.693784795097619,1.3742838898422964
35,-0.24539686700846586,0.9706791659366361,1.1736834929996878,-0.1626891530268738,3.761440084258264,1.7871386000410419,0.17975459836251817,0.6463574566745185,-0.5828384745644077
36,0.8183104210147083,1.8001751333696396,-0.15679463660952309,1.655118784036762,1.7232348379913267,0.7157895120318374,0.9575351119861153,0.2669622397902318,-0.3812722221537891
37,-0.5343089688089124,0.8335677047012076,-0.3108766912646618,0.9624911304686785,1.6547826833460157,-0.4856318703437539,0.01033577325231172,-0.21945686305032974,-0.8299158738931864
38,0.5596983802492279,0.7044388944728026,-0.4302397276866019,0.44239023296045765,2.0936289872849128,1.8289725848832523,-0.7017461415832984,-0.21906158394933561,0.7758415608803195
39,-0.01891256017717924,0.24033794074013803,0.6241737917286843,0.4382441365895231,1.550424286119883,0.6797248319051161,0.06031860376834919,0.9192437866734062,0.6036296298096673
40,0.14138394760500517,0.29101073663308674,0.07830743350410718,0.6597884309514426,1.3327956365445486,0.6185977483803069,-0.423894299163183,0.5708230406278592,0.5343133754355203
41,-0.6754138577276277,0.7938927161803409,0.8937779031605806,-0.502738012100332,3.370862582584662,1.7228950113082027,-0.6405077193426783,0.3272654514313196,0.9052349450156552
42,-0.38369820827525747,0.01718203523226558,-0.05377145391578386,0.14164772638122503,2.1169734945336836,1.0820245287277235,0.7667494668088541,1.3877730010238731,0.4363461703567597
43,1.0742016866998103,1.354433595994466,0.3301504959200625,1.142000477924928,1.5642109795101593,0.4193430813957566,0.7117583555866847,0.497215643935216,0.05349396962194253
44,0.5005344133329035,1.9552476049086156,2.101700280214406,0.6372933144245616,3.1343776904114593,2.3922548534855874,0.7730822731006892,0.8226093173714883,1.080408193688697
45,-0.37370403041954847,-0.1645012815039696,-0.04417001009215282,-0.010575856638888381,0.3476944236358961,-0.1776820253055449,-0.506859433968995,-0.06517877030087493,-0.746683013851914
46,-0.45982981713076976,1.9956034131774074,0.9351611033435807,0.6932819604829126,2.973386726103082,0.7024393399517797,1.8339694572079206,-0.09498689578795605,-0.5955617907443098
47,-0.39254925669722474,1.0777310594935527,1.0340956377158559,0.6849096485767596,2.779739808822454,1.3235337902935855,0.0812092989856783,-0.17216532660359174,-0.3029535865964238
48,0.41965013214391256,0.10389498007240028,-0.4307691571789525,3.1084878862447267,3.799436684534383,0.9659679975862607,-0.03318777310533072,0.7862606777075876,1.6193636709245145
49,0.5522606573387814,0.019657857148892788,-0.06620551872455782,1.0265746093709778,1.701662969018987,1.9395843068273262,-0.19811800728497886,-0.3344631503499427,-0.07149914953416903
50,-0.29517154647103117,0.28931840996117275,0.14641541085724818,0.365372466851245,2.384701476935582,1.2793335382163384,0.779891851387287,1.054676155693726,-0.06166360571582952
51,0.2845617178764308,0.609336896145453,-0.21214288129160996,0.25368358270853886,1.8238349453209932,0.04908070167441503,-0.3412183629318678,-0.5099213815765002,-0.7753038012160676
52,-0.05477225269720298,0.03580699859725378,-0.40542077356520456,-0.06009988141207878,1.5577813558557994,-0.7098534876312832,-0.8919088972162066,-0.23105831359241213,-0.5072278701444853
53,-0.16677249019245144,0.4947424574716468,0.7920726069435393,-0.5958521121792251,1.1456333330881572,-0.29006883012034457,-0.7874331312341406,0.768820263734574,-0.5068021381601794
54,-0.04973543254665813,0.44826914655087724,-0.18882038189024908,-0.13788407792164037,2.7446044248940247,-0.04221108427869946,0.2447202925085188,1.8438960631824068,-0.3652166175021828
55,0.7930388854749431,0.36323404232856116,-0.40046372386214,0.6121828557899138,1.4800016074500761,-0.3316409264834371,0.1913677111844767,0.4730239024502514,0.6992466673886089
56,-0.6472107285829927,1.6410978927801718,1.5930066913966598,0.36500814017144023,1.9215082659894378,2.012926360421228,-0.06154078740800539,2.1896630389579,2.1700495963089415
57,1.8287362632896924,1.7437028266529895,1.8755630809348243,2.7669579086760234,1.5460603436088571,0.38308028559899343,0.3202561647674176,-0.029015509646657778,0.15983356875613564
58,1.6359397806116767,2.320281844225264,0.3384760179889996,1.5045335554420372,1.5165922398079794,2.6119025453289484,-0.2632697225557875,0.27084609878252563,1.301148295773277
59,-0.1480024684598923,1.194064561251205,0.045231903598287326,0.9911204555460815,0.9385743226451444,-0.687499743563788,0.2683081546049786,-0.27509198299187276,-0.49451366759192206
60,-0.10924995224924317,0.34884949914440844,0.44795931889131535,0.5174778102784452,0.8457200532269862,0.6476793213074106,1.2435789696094135,0.1156271557759374,-0.16099152970300523
61,0.34221258719406933,-0.5503956021499644,-0.7431610537313229,0.111330612143689,0.5461548796817535,-0.028669567702477416,-0.05232409986767006,0.2884793383620736,0.33150084088835574
62,0.41844999194791277,0.7926571510242475,0.19538523182243583,0.25679966836501733,1.0519209962003813,-0.08420769033167919,-0.5910792400796919,0.44643296220724493,0.21315157476930646
63,1.1368011764110193,1.1006909788168167,-0.5731194768351167,-0.1802953127799637,1.490418904255125,1.0777191376278403,-0.6654941534754462,-0.2762079134231987,1.28368965634179
64,1.159201535094025,2.045738386515256,-0.08276693758336107,1.6366693350850392,2.2438961899551635,1.7567547957150254,1.1567029217009375,0.29979265301395475,0.6863172027567728
65,0.9017495148918773,0.5459403546334667,0.5202756630521934,1.2915370035949287,7.481817861530967,3.2065434737453398,1.2577750216528583,3.7815422543331856,3.5016567204176026
66,1.3787828796734076,0.04244711173526694,0.41689701937640744,1.3190085492166377,2.1137358156359314,1.820781074419842,0.6088149955520681,3.022465041662298,0.11679107993232218
67,-0.020249491344442982,-0.08630607320678618,-0.04390569081749085,1.1462036178020858,1.324062421050955,0.5773983836632826,-0.16829807651299034,0.29844803412750465,-0.29209709515743787
68,0.670085727363519,0.2115129549356194,0.08251825767615917,1.0418416551725524,1.1545106240670666,0.952185555333882,-0.5809151619360386,0.4065623707908954,0.8034010102306943
69,1.439326004122782,0.3114002805677827,-0.4190025049543654,0.6454109072350682,1.471297595746989,-0.2247735190402892,-0.6198258979315778,0.7221022551296572,-0.0014956263683998383
70,-0.3678431236514098,1.9810475845198785,0.13729791535773894,0.7913381623751403,1.6104073709836153,-0.036636614263433565,0.65100674160568,-0.18499456338559417,-0.4444288474017578
71,1.0473003573264585,2.576688391365085,3.382915229074423,0.4004372608759934,9.652958764425886,6.834232011775594,-0.6292640810652465,1.7671979767419055,4.2897871499307
72,0.6490909280066588,0.31253593359155385,-0.06826394247265088,0.6490354351996237,0.6456687093708844,-0.13465382742981247,-0.16904079032264197,-0.21966043463327145,-0.4102722731088846
73,0.7978740356430325,1.430468436118658,-0.28795119103174605,0.18463724637702583,0.7905074830032397,-0.33710116080682917,0.6661193656799402,1.042695827013552,0.4190057331031294
74,0.5051620184016063,0.2580806557562245,0.10243273067009495,-0.1241442138926877,1.2880636011378441,-0.4628044908409549,-0.5334925359638424,0.950748968243168,0.13752835970685817
75,-0.28445363319292427,0.9994220944564218,0.7569715500378291,0.1286183209780558,1.9655478230214256,0.48845282988036476,0.9525075924796347,1.0529480180355257,-0.18800895629086267
76,0.40280273653001664,1.3446705717766174,1.6788367598084304,1.5243372778059143,3.480783766064726,2.6500992254193223,0.026880911797676488,-0.12698082914162856,-0.34005272773873174
77,-0.36808799095235567,0.3820890842850493,-0.3912081992887201,0.2234809923925376,1.627306227172617,-0.1305551262407436,0.486253985624183,0.7451213111145127,-0.5029772661263441
78,1.2030347034211926,0.42304017384609094,0.257328426616658,0.708872797155935,3.912961602274301,1.8239821725083383,-0.2350457454813354,0.6674709687250759,0.6476849493005208
79,-0.4367640884036005,0.41685802259362603,0.024748369494042688,-0.5157103477939629,0.8487566598500462,-0.1801458470750701,-0.36274939538225437,-0.130390757546201,-0.4024914926026131
80,1.5963241862748285,-0.32770113988459926,0.48311099516101863,2.01347210432416,2.147439374287512,1.5374800263700208,0.4991260720866435,-0.11504350259296525,0.9119646564738977
81,-0.16884270392588896,0.4347397455392288,0.344036952999901,0.28722377564096013,0.8957992755987294,-0.14070845101128493,-0.06694296007565659,0.31116546823209745,-0.4616980164370815
82,-0.2397162550196723,-0.26675190047517683,-0.4209477067198254,0.6422913551152638,1.2405911830326288,-0.0044573950357044145,-0.26091091001120736,-0.09412536020766182,0.09323534905307929
83,-0.5804724693533443,0.09525401091475039,1.5453821626243966,-0.06928851799433822,0.982380730398611,1.1053009055960565,1.2651913370709913,0.7267410522932984,0.2621465491066348
84,-0.7140950196995535,0.9850062903433936,-0.1471294297561513,-0.4641867269660028,0.838645158672233,-0.6923754660959492,0.17306973304964757,0.8028910422850264,-0.5991502116234524
85,-0.32314391568742395,-0.19365972801082276,-0.2679975985769515,1.281758797924283,2.212822605290563,1.6071703669853967,0.7911312300366438,1.7700191022981464,0.16046737325328753
86,0.17114129441683867,1.3517316269645114,0.18722947843355509,1.5709715287031187,3.1187547053527522,-0.014660516220632358,-0.211100547893607,0.8996838187851215,0.791883831730771
87,-0.7038860328162726,-0.21462874062590798,-0.12434793668544675,-0.43351721012629774,0.6937413598373254,-0.24567939365847746,-0.8638883651035089,-0.18789380579370052,-0.4062080412301501
88,-0.3906771299025391,-0.701135856711358,-0.7814950337502728,0.2060831667298224,0.2773617973215299,-0.44227146710176723,0.2855699128971787,0.42116976205779744,-0.6230900018588035
89,-0.1933508141798732,0.7442623515454603,0.5357817366101423,0.7288278299050401,0.609319286117703,1.64068239251228,0.15038980530719104,0.34690396938865753,0.5152116423545601
90,1.3708934835408901,0.21795432526191227,-0.5672478914764219,-0.3788379991136065,0.264316151202316,-0.0027982534615080823,-0.8328917109198581,-0.005478623799438642,-0.14401356706039858
91,-0.21081553813603937,-0.1979049693580529,0.622671981349906,0.6350635253983146,1.3204049532676367,1.1103606891720688,-0.26999975738711646,-0.08745255724804668,-0.3233171741854821
92,-0.3209371501828745,0.5515430616115837,-0.6175427242774674,-0.08673306754804666,1.7217929485181327,2.5281277356769634,1.984029669161318,0.2803570883250974,0.11928260887910658
93,0.018002870906500323,0.0043855665524450416,-0.5213703107866811,1.752480714172064,1.810990608264576,-0.08231179075365691,0.47492245700272995,-0.024844198119186922,-0.2848150108470747
94,-0.5801022609391524,-0.39777448214370603,-0.4473260756904779,-0.28273758056807863,0.692828803906895,0.4125267912253747,0.11159280098289148,0.22716707752981913,-0.27462689909139304
95,-0.06683882645194106,-0.09424849396522683,-0.5997553801429139,-0.058534061408004545,0.8087078753079966,0.18184407541368364,-0.6142302364403274,-0.4428553105128855,-0.6581305285097023
96,-0.27355733980598873,-0.7374517769928135,-0.8278427955947417,0.5585298234455356,0.25466925261415674,0.015688674514166667,-0.5105605560311544,-0.11948093926937076,-0.29582438179584747
97,0.983855035461572,0.9772010010585348,0.7850467680503495,1.4849154685320975,3.3566697894042603,3.5120658745719977,3.2621484062355472,3.207772604751158,0.2493069400450043
98,0.9870506467088709,-0.09490143040148713,0.35031655466002665,1.1526591224053444,1.1041106528991023,0.5646802270371041,0.3372694189133958,0.5319887229599356,0.18261428451852946
99,-0.5505456462057547,0.5866554702526663,-0.7432648253205089,0.24765209507902797,0.6799255184827082,0.049228346434461834,-0.12434793668544675,-0.4766084976770669,-0.3960158446018489
100,1.5796490875161093,1.3433187185367372,1.0357607351310034,2.267663657486556,1.7313563385701065,0.7375129955403066,1.1050982565616034,0.7730434139216811,1.4349043589404196
101,0.406361137353511,0.9828135176971762,0.06424094679781511,2.616035232592072,3.452134702947803,2.2247462464593566,-0.027511932919404347,0.18605703912572635,0.03554579354667253
102,-0.318786454206907,1.1165580466414644,-0.008510478243439201,0.5023530340960782,0.6650578482060963,0.6509439254816494,0.5745267041922713,0.10182749177683292,-0.13494284828860015
103,1.2651096985732102,-0.15051435761933674,1.2561470777811663,0.3589628584431923,0.23339000223726147,1.639264061272279,1.6949333716272394,0.9787238604738953,0.15486235558238715
104,-0.16342331961974332,0.48189190696263484,-0.48846372327943466,0.28768877817510696,2.9586079771786267,-0.21411511669339833,-0.43429346060890006,0.1344185078300304,-0.5319742390596146
105,-0.13594726256216727,-0.3272172979027701,-0.6909462846518892,-0.09619159961425461,0.6933176841685411,0.4545094765731683,-0.004610078774840987,0.04942872190271852,0.20878874076494247
106,-0.7579660693193262,1.3543741478221931,2.311302074475734,0.06660086941842325,3.3261006884200466,2.5006539319407843,0.7611040218640399,0.673556987072913,1.127100305107445
107,-0.3751775615845243,0.4441758451641673,0.4961570354521496,-0.38037496698216544,1.1036530269822054,0.8237993208630592,0.6219011845558347,0.20389435450775273,-0.5928180796325806
108,-0.6182149407129996,0.14483689727576166,-0.4846400040740275,0.11167867146028909,0.7110291874625363,-0.485314637991047,0.04521945833898622,-0.09774320426333039,-0.5897652405154643
109,0.1407263605272513,1.1247849827594734,1.0899002202274355,0.3191192279242414,2.8471053910157185,2.393579908235083,0.15526326597439244,1.1194957866758717,0.6594955227707497
110,-0.0354161759117404,2.6647187973425113,0.1322483363389202,0.46638058283228934,7.516958374311438,0.9124264744299966,1.2495973367785758,4.5771882065922656,-0.08736502989316774
111,-0.5886594651851,0.07304915024052927,0.8126628330668157,-0.3165922061656956,0.4415959762121915,0.6394008083410467,0.6363620129578258,0.0651985500581489,-0.07633170705199999
112,-0.16161465440495448,0.5746885556523045,0.11046449823844151,-0.1403045449590944,0.8140883648450996,0.9791588336660881,-0.447420529033714,-0.5235514599596278,0.44030099408983814
113,-0.2024024612561902,-0.1984463430017106,-0.4602786796999917,0.29675046667455285,0.3310778571970252,-0.2699721095600469,-0.563822613770439,-0.38592380906072754,-0.2447109427858778
114,0.4653650936343321,1.6246416746361287,1.409921719008965,1.151762096290903,2.305650279250444,0.722521440280836,0.11620154206714406,0.7062461059282239,-0.45045478039758036
115,0.12175331715447935,1.5007086494748538,0.169091542663242,0.6421925664643402,1.8039020690775702,-0.011872342590226181,-0.3862543235286765,-0.15494444884505865,-0.2332922804504477
116,0.6481216989928209,0.14520009709802806,-0.5236153918787121,-0.3776055615905791,0.46779293230750674,0.06293803699451206,-0.5255132231417761,-0.6803827856512265,-0.3690341653554511
117,-0.5623442296290659,0.4473464857029177,-0.29665856616238395,-0.21989121592055083,0.9349107863800279,-0.10513189730755379,-0.4309017509562194,-0.014192137148125616,-0.2351989865648747
118,2.395078551344374,0.6963634906640497,-0.08912964610138974,2.302093610477984,2.4397924611967348,1.186293427056432,0.5256797305909537,2.0664500801277734,2.0616132625040327
119,-0.2723026856395354,-0.3455515875419911,-0.11738609519344112,-0.0800566701784522,0.7888660407450963,-0.06928953549670391,-0.5451947814438989,0.04591044807389033,-0.604637703513734
120,-0.0796531775088074,2.528476840269926,-0.09285085157835526,0.10699214357961706,3.07672536089947,0.922570871807971,-0.3342007008429406,0.33323858346588464,0.18577985884928538
121,-0.2673031535189977,0.38950151012296175,0.702606527009247,0.3173932056891764,2.778705789786394,1.5652580290324845,-0.5548573451524558,0.17122696157201034,0.38920293511697523
122,-0.48338891203274525,0.4448954158447569,-0.4963453366988023,0.7139942522587779,1.4158718637926957,-0.1741816464858622,0.7277757946075312,1.2756548213196885,0.6724629008125669
123,1.036507278268194,0.2714641320835349,-0.1516983990022408,0.7441525505086635,1.4481143183814482,1.2179760237864898,0.3202026253947401,0.09686905837105808,0.7839542027630304
124,0.2532379640187157,0.5445526409677837,-0.4948056045732614,-0.1587889308027317,0.48516643585783714,0.13493369356525098,-0.4038672450958256,0.1970166252335075,-0.16055960145684045
125,0.20413408413561118,-0.1986325416800181,-0.7002803292849547,0.6638497913228916,0.869676445729765,-0.6436671814986824,-0.7211029310559423,-0.3185038354389539,-0.2723026856395354
126,0.9802094857763808,1.6910359202066099,1.878139381945469,2.0265516273744315,2.809255846650888,1.8248366494480353,1.527454013864137,2.302120667475557,0.4457892642887271
127,-0.36051186699837756,1.223838178902502,-0.08156928104632188,0.947444033333501,1.6080738610514356,1.0980587889203894,-0.012502753783500187,-0.26469682332507183,-0.24116625186869467
128,1.1820861016801731,2.000866627014166,1.8963167623665895,0.19358904437373248,1.1591380402809435,1.7452378989497452,1.4727141693068617,2.436447615477754,2.996001189917385
129,-0.1580952377116197,0.8446535786569551,0.8362041695052904,1.6963942098064546,2.1317453760813865,2.284369135739189,2.005861974821641,0.4202199328816274,0.02826020076403024
130,-0.562333518685495,0.34164235397098963,-0.24136661661210468,-0.28793567992762015,0.48327449474179907,-0.5747378340499227,-0.37169603950803853,-0.3021464593377551,-0.38984403458365424
131,0.8687885514401046,0.024110047143375724,-0.624299657315553,2.1628888885451207,3.1251513009133642,1.6020346533648708,-0.39501865980432516,-0.42802340683170936,0.38848622831359214
132,-0.09210629194182562,0.1798026568446256,-0.519787917206799,0.1534993079297311,0.47609338109131993,0.5363332067611015,0.7341894454909237,0.18215362393593137,-0.41666635917139627
133,-0.18857486647078892,0.7526668114193296,-0.10597777385727392,1.1088019882078237,0.8854965566401927,-0.3795449493775438,-0.3078134986238814,-0.2617575016902981,-0.22902807415349136
134,3.9406889254969872,2.237169176679018,1.3306652197681936,0.27056467823999975,6.163130843464127,2.4621157182876887,0.6359470001878262,5.3456631330822,0.1174526083574512
135,-0.5469441979191303,-0.09090863115882386,-0.35233203003000513,0.8991347451612437,1.0005083126202226,0.039408871008845825,0.5123094913003701,0.205190439034592,0.42397014942698585
136,0.5760325435993627,0.15112711510964805,0.46761903801589333,1.6046373519025972,0.7351810581785041,-0.3346291420750732,0.826992962963059,2.405721091307273,0.5712311841610302
137,2.0770444170573414,3.9784069494001066,1.5322866396895436,3.0364845402336886,6.102100070960862,1.5669005214687668,1.5966299098635939,1.9330661257037685,0.9796957051466806
138,0.03097251566648085,-0.10240667164519146,-0.47422936204166033,1.1277058853965274,4.068189239084496,-0.03166143012222411,-0.2831659615785952,0.06767002082945495,-0.28145675416776783
139,0.31832420347518675,0.9725631641160064,0.9959093904674838,2.099520557989091,4.433873198862661,4.31657608619257,-0.5525838503955467,-0.4814273825911801,0.010473674690708812
140,0.40209940393941346,0.4172811616933696,0.11782404942492053,0.8366004844913713,3.2737736489505886,1.6539299017943359,0.5282255728472831,0.39306232982665623,-0.08370981932810584
141,0.7292680706616694,1.9639689824354596,-0.44576479371143873,0.7908363214993686,2.5777869366608925,-0.29880372706872593,1.3847629117560696,1.4266897710737023,0.5970161845497302
142,0.34974906637043124,0.5086891568276082,-0.5013021827570394,0.05530252345104314,0.36103306707468263,-0.43109007660649523,-0.30019155590310764,-0.11001350152651945,-0.4953847725051511
143,-0.048807429188996276,0.3057838010857965,-0.028155379132682845,0.7047371936279587,1.9030941783205164,0.5924442871716209,0.8095447480681182,0.6761381955727643,-0.5182419183710297
144,0.638947506764711,-0.39963422660977355,-0.895004750102503,0.8637653494305888,1.6059277518849226,0.08199150425374291,-0.3064361730956551,0.2703937755902748,0.996838425793479
145,0.07860135388938061,0.6540476125103702,-0.30819310805432765,0.03727585499099706,0.6839966084236881,-0.07102086176475342,-0.22728046452766681,0.17718792579022202,-0.018990295062605855
146,0.02631465542283329,0.5818218253010634,-0.17800202070941973,0.3924396057484498,1.0167651683263648,0.024597089767443014,0.1147031703399739,-0.33032078687500643,-0.235235970326919
147,1.3217885840868977,0.27168721685565056,0.42810387623909496,1.0982211225473493,4.128770562052218,0.9693754894658324,-0.5784524163917424,1.6662316715232977,1.374773500663451
148,0.11806614581364738,0.19330377264170773,0.3039837398594525,0.9579557449506966,0.5205923746309034,1.540042964747196,0.4595897953832111,-0.43671211184369185,-0.7675997700680368
149,1.7701090085119255,1.9290531451660544,0.7425474978660769,1.0072548473663838,4.6328977620822736,1.2844207583564193,1.1547531286248152,1.54370252113595,0.7728264262349827
150,-0.028041502878557334,0.6142264080512259,0.27098471175222394,-0.45599453972406623,0.6211446134039835,1.3939242573942594,-0.38901520939134304,-0.011669628699228052,-0.08674336072158073
151,0.44420036452277056,0.9002319534963366,-0.028041502878557334,0.5166657783162394,0.6567689291996015,-0.45599453972406623,0.11400831498919706,-0.15664411114742072,-0.38901520939134304
152,2.136322339145382,0.7469278801169184,-0.20186685378729452,4.7811117612578995,5.781133635692037,1.4806424568537806,1.3941996220568655,3.6711320388569426,1.5274353885378402
153,0.9123773570202505,0.060591235168849344,-0.7004588085853833,2.4430219278000354,2.266014150996662,-0.14305649853644054,0.5907153459441163,1.2293501733655443,1.0125774781519814
154,-0.2635342375381944,1.6844820214500054,0.5798677701240549,1.2175535418650716,2.376454499182556,0.9912524178636537,0.8116542767433934,1.5400932204293918,-0.5922238504536614
155,-0.028351079311854543,0.11235569075248453,-0.3948175358922761,-0.49561203487683425,1.2475051162090796,-0.2170398523207726,-0.809039850213731,0.6612385214270542,0.22875530446694992
156,-0.3742551091260208,0.7096969579597283,-0.45513044376898715,-0.3296885985006902,1.6318462198142094,0.703186659021172,-0.09620855182815757,-0.1705586639525173,-0.5366000910548593
157,0.8234854853919262,-0.3192202788524534,-0.18546705542812725,1.5469447145258317,2.822126573916541,2.2802693995397445,0.2806049958834993,0.40899125076906606,0.9695128457288664
158,-0.7145394314159108,-0.1440863486125573,-0.5617789670918882,-0.7240167280488231,0.49325574965059293,-0.4125500532250368,-0.7086225287184795,-0.09355199056220975,-0.7286596205468483
159,0.7255618786654083,1.9914400395101408,0.21771184728459958,-0.07731141287374854,2.2552853400914903,0.46453008507818594,-0.6102007980939868,0.7475027434751271,-0.025248555737814482
160,-0.6648339168604467,-0.5331426484367966,-0.5716743080483946,0.5627010281321498,0.6887399910619199,-0.34974646665557163,-0.608022161731805,-0.00908190077247728,-0.40714287991653775
161,1.7118625689444102,0.1059348255354231,0.26712730449311994,1.246256897060237,0.7103615043952833,1.136155005096061,1.0352847233783864,1.6240994690386081,0.11059931697838454
162,1.5713599257233728,0.22381328788364518,-0.3360954541866168,0.08719900399863811,0.9483065378938056,0.2576937716388117,0.4748188011233463,0.6049986323028484,0.9642450279047732
163,-0.5016054661173017,0.9697062293291674,-0.19315571503276496,0.168033627105449,1.6230947113499279,-0.12208944296646718,-0.5134999784099826,-0.22276770591848516,0.5038088411026969
164,-0.4753703570623987,-0.19183803931769028,-0.39215414219883826,0.04314483304354377,2.170308269080861,1.9614813765950716,0.4495739400061638,1.3711940996122705,0.24011032947389865
165,0.2164553143292558,0.031162860496309897,0.23347704751660459,0.7182565828369316,0.9475876798562177,1.7259680921996288,0.7452828033248573,0.06255739094513846,-0.0033064684268037103
166,-0.4179684316086075,0.6112488833314424,-0.3849771342894791,-0.17556394762786331,1.9449133567110546,0.6226169212194914,-0.4791210266143269,0.06823701473518051,-0.07787369657431331
167,-0.22727690539513368,-0.07225057514254607,-0.0578237934097009,1.1454845977279602,0.8880548592125501,0.7496140672942948,0.3548764175909831,1.0018339782350263,-0.07491688649094919
168,1.7190181570104075,0.13237917843276636,0.29010258749706375,1.5872658292918942,2.2281260793227253,2.6705473981184977,-0.025454014556275495,0.4254593388055672,0.5764849129266039
169,0.7646806449289438,0.01503441834638708,-0.7235476647198407,2.758359795634174,1.9625577555312974,-0.5643484197216007,0.3283247249228014,0.7961361915737977,0.8540821699231289
170,1.5470752272458692,2.8048979652170156,1.2604281289372938,0.8562213788293087,3.514210198942486,2.952593016298115,0.32639613319278227,1.0171130745869457,0.22582273353781224
171,-0.08865782260710464,0.6476060364625358,2.140787749687296,2.023801386816097,5.278615657262152,2.0606699500878594,3.4452277814569214,4.8178117676066305,0.5563814656874231
172,-0.6726066002173243,-0.5236991537173458,-0.6478262932125298,0.10758861038891365,0.8573461159894702,0.10767808188526762,-0.3964815197678828,0.4768410442467941,0.9145994627520033
173,1.1301621990115964,3.639253965976091,0.03070256498067936,2.2664773144686396,2.796753711149037,-0.10200286224366706,0.540724673077889,1.5340234382378375,1.1206606318492365
174,1.4902765235379887,1.454657811602754,0.938199386088256,1.5216785765888488,1.0273554216749141,0.510714541162639,0.45615599759784664,0.6647744375634326,0.47255374460573996
175,0.6630114309533579,0.24071935303349634,0.43776920129932995,0.9295362092006767,0.9414159408604279,1.182029221178472,0.051806015382809045,-0.012865208228906244,-0.6367970978468671
176,0.6802425453593524,0.2500294002954586,-0.5103082642934694,0.9224759032234111,0.8683595046514521,0.10303076889403595,-0.4711120922254195,-0.018921646175366513,-0.4040077168157825
177,-0.45353708589684827,0.3120532487604091,0.41161297584350987,0.35060876460861445,1.3699711527076124,1.0693917918257583,-0.02192227155146531,0.7352432711759231,0.6065115124220783
178,0.7590944955622272,0.44117620253199474,-0.5470088820220673,0.40766604429173525,0.8798048249649071,-0.17229444892322632,-0.14484202960743275,0.2620692324379139,-0.44814585226439485
179,-0.06124146244815698,1.4840829884637698,0.2343849406176417,0.1644275477225905,2.0504598925775186,0.17080791108910254,0.21521653209788272,1.5136769676378852,-0.025440598709381534
180,0.6352469463707666,1.3334243594537964,0.09768650469801687,0.36537745190073156,1.7652085144439633,0.24132935969445746,-0.08337914941347213,1.3237665064721273,0.17749266797772822
181,0.47317723335694284,0.4688025801509197,-0.49369902693075984,-0.1365602740615487,1.7173133536175298,2.13110652110816,1.153672513089623,0.5464872740476103,1.1996434550818322
182,-0.49434754143246196,0.19970805200735464,-0.3183712899287363,0.18637271608888328,0.5117149361800364,-0.26487492051875416,0.03595741835800448,0.5391107820964547,-0.048697381091066916
183,-0.6358492138904311,0.21594251054295732,-0.2838629702881066,-0.5138349573273833,2.53336992413971,0.07691101842503256,-0.3939192157452601,0.9128831373781898,-0.4191787372803525
184,0.9491301190472992,1.8848152649959702,1.4960299038729938,0.8180635487074923,2.6201821254125024,0.784380402933686,0.9375870163553259,2.669265973183495,1.273129711564117
185,0.06046211444048133,0.48155654814533566,0.016206739436008144,0.5375234543389451,0.5578709567523805,-0.289370809522439,-0.4925646112453441,0.6786280844340267,0.3525981360512682
186,-0.11560077802500768,0.38611172239031766,0.0880479620962542,0.23049741916171307,0.8804961596711183,0.42847663371757316,0.21760771830144332,0.30112965400602354,0.18676342779495525
187,-0.5692301029994782,0.11733252242548775,0.4209008087893973,0.015351496143970467,1.6460695831965553,-0.14509292745435443,0.24282213444116652,0.8291627329677416,-0.6148728509735959
188,0.9720154338776588,3.0260299553392187,2.1285991766066115,1.8126049598286675,3.393208971684058,1.3510977706467497,1.9902334293645594,3.197993585046942,-0.3775096898898267
189,0.8418240797950407,1.3988406441772203,0.4807615222250543,1.9505244380775069,3.751407993673693,2.333189564955325,-0.2929379397892026,0.27348760850273335,0.08434134445256714
190,0.12197260857119341,0.3691284521072993,-0.11055938283051703,0.0415780273611317,1.299447657223742,0.37195950032479375,-0.7192152094096823,-0.49870177117147674,0.6931080032908099
191,0.7991048569753783,0.7965621768082212,-0.41844329732059105,-0.3752798985764859,-0.1206840554616656,0.1309659134636758,0.5777422942420247,0.7546323637178294,0.4108060966369531
192,1.141330986209916,3.4218855643241843,2.460267022790867,2.255774570857161,2.9830955776842227,1.7263865728958327,1.503271546261988,1.5480822275243127,0.2812891685183809
193,-0.613788728034128,-0.15514904559909826,0.327643103859641,1.2208247301855133,1.2578850797844021,0.7675936110420019,0.5937787994544335,1.5296590688092198,2.4837276762854317
194,1.9939613402283283,1.8298438302901636,2.330735900938949,0.3585155739560473,1.4908103006870768,1.8109613941411395,0.21103484061985478,1.2516731089651274,0.7064959591711137
195,4.067804156233177,6.650776848091208,4.703182104874372,4.606701743170873,6.687154694406553,4.934992513193015,2.790615623469983,2.6602618858570497,1.9311892225231801
196,-0.004546960048746995,0.7914792075576429,1.5346890906569977,0.09712888553966659,1.6546709806416522,0.46540560182394053,-0.4559595932828324,-0.20189877537157952,-0.055908084255905766
197,1.2689316088330993,1.8612809496556877,0.19728193309999087,-0.13148603564047467,1.3401555720009117,1.7726054898295653,-0.6876044227571874,1.339013194447456,0.9628054610068368
198,0.7949270092104841,1.580735854993622,1.9776399171856802,1.5688857551952067,3.6601255269397672,0.20007521985613574,-0.2044930665269583,0.3212624733603029,-0.3710018260689174
199,0.18099081831289054,-0.5423475813859513,-0.6066871637973305,0.19641635184528905,0.8598751537330456,0.5589921844270755,-0.26161501820086874,0.3814979905913809,0.21113229266285494
200,1.1050571311848096,0.5441138132037551,-0.3765361471174363,2.882171937031985,2.909737628641847,2.050102968117302,0.47888352731689476,0.3779013960393778,0.2114526817782909
201,1.052546909275332,1.8312588662550784,0.31862282685152765,2.49044431508427,1.1983121102931014,0.3878522396819257,2.716393771488971,1.1377323235074073,0.14634305756517185
202,2.008846698969708,0.4549291637670021,1.0735061629104465,1.6231191322133105,1.929791174906176,0.6662100178166361,0.09231609533323915,0.5615270458401438,0.22549266979318472
203,-0.11154810329215958,0.7024364172202355,-0.523086111206701,-0.05654616178336691,1.454421342063771,-0.13624567898225737,-0.4163270372272275,0.1426212935707527,1.076398437665679
204,2.910886849932931,2.969330733009472,-0.34120045119011344,-0.007870898426436512,2.447690789676721,3.0482829205682487,0.5820416220791393,0.9899167219545135,1.4922824108508594
205,-0.8268581491939657,0.9569452727443659,1.1242396786027422,-0.4332923808065804,3.101501451464175,2.1297217435008307,0.02905708760711634,0.5673068678031072,0.49643884539879934
206,-0.535730733613488,0.6125052487772831,0.6393183249520973,1.0495633270984643,2.0198803150212608,-0.25429639477406196,0.8845724173173477,0.22033640463718007,-0.46186177797647243
207,-0.6794841942795533,-0.026966032299083453,-0.05427225330494634,-0.2963116550912446,0.17159349372302946,-0.24375445219036684,-0.493744937364188,-0.2908600712463929,-0.7871936712588616
208,0.4160943830545669,-0.364357897645737,-0.7597354626230879,0.09166999659331365,1.3132566014976836,-0.05503912778501241,-0.2895795272125018,0.5965289589706102,0.33537200966601155
209,0.009906040038880404,-0.09943805000415595,-0.28527760010966907,0.08049755409925052,0.5618382773813242,0.2223285330531577,-0.01548979207513801,-0.11897569970896837,-0.24404921635832044
210,0.8949429038894532,-0.22467298363898658,0.10087746285676769,3.7317099759727324,2.297747266984081,1.3768998783694983,-0.10901404729579134,1.8977250087671922,1.9662877281167552
211,0.7632899859968296,1.3231784629944392,1.0575104690717358,1.0982550737007424,0.8707481079697055,1.0515920217372083,-0.14385175709043285,-0.6080234356632923,-0.18258672874593174
212,0.23878199339566097,0.022710697724714457,-0.4297223200821175,-0.6645236873184646,-0.055484973947669936,0.5291955036982834,-0.27778771417400205,0.05088778193789367,0.503879039822045
213,0.2737049242914047,1.320777594208662,0.30577771451194224,1.5107190846486271,1.860546373659841,-0.1651011621421904,-0.1150452675330681,0.6702646842381124,0.966957215182781
214,-0.7552879175684527,-0.14083332371106927,0.6615880086251333,0.14637170837189117,1.4054306493443476,0.5141822928440594,-0.5954002343321169,-0.5277992743891454,0.18099151578733053
215,-0.24602363022497542,0.6574277714040999,-0.21402030852253473,0.12161620456385935,0.42042215696050533,-0.19944873730978396,0.4231297325105299,-0.23979019452940542,-0.5990433522948888
216,0.40935149586334885,0.5620200785888867,-0.24660420819365192,0.9609729955738708,1.5862913943267265,0.5399166444154442,-0.24526125184857506,-0.21276201616236357,0.47841828066321423
217,0.257605798701136,0.07331119135403719,-0.459560936397,0.3085181361342888,2.726285607390722,1.205351488858677,0.08383981330733437,0.15893880299145335,-0.20805263024803977
218,-0.4383250098462457,-0.18721149173656693,-0.757865426743436,0.1509272772680954,0.21884783539314223,-0.36286078424445867,-0.527852652402629,-0.1999918391785831,0.03798544872348364
219,-0.4948057870996465,0.27353523289618953,-0.09780870226039484,-0.4121996477786678,0.15143734654416252,-0.07246487870755969,-0.47579906328141686,-0.39581885949710005,-0.3164817874692667
220,0.47079105327893256,0.32089546016742987,-0.21774098427362243,0.3855065887976368,1.1614280317689327,0.2856261400382447,-0.27762764691117225,-0.09177650419838967,1.6080142847899563
221,-0.6645559812963195,-0.30692675127375135,0.6309032690812719,-0.39264872363645975,1.1092299418238118,0.4825337164409693,-0.0639413572863542,0.7489827954614878,-0.3730749894208484
222,-0.22195617445635107,0.7836199297980588,0.3730294777856791,1.0291110931258305,1.9265584164583736,0.15672408344403554,1.1294258833823538,1.11693899664886,-0.45240226075276013
223,-0.6179567486331614,-0.23492229529478126,-0.3412310422683411,-0.31141412282533587,0.9725504460540688,0.07574290122417082,-0.4676727952375739,-0.38897911184862055,-0.35553888344549456
224,-0.3589439358043842,0.6711444717922799,-0.8066331601876053,0.08942549977728631,1.5774799498106988,-0.5830211309430933,0.09027160164222647,0.841769834539577,0.882123692088411
225,0.044739584608544325,0.5118539603042227,0.5575137461829043,1.9221071759223585,2.4925940698684528,0.6642219171830228,-0.3518107160093744,-0.30050983322915537,-0.12854450167021492
226,0.9981865268309038,1.1776583434777574,1.1000143231739377,1.4675888673056163,0.3860854118201966,0.30734850586900886,1.5746102004339857,1.7246392926209335,1.2138609041270745
227,-0.7343277607707571,0.10966572488673965,0.625798520064891,-0.024498734842193892,1.8373152865338365,-0.03162174889744296,0.664717384879066,0.4058828253543343,-0.5420961300656273
228,1.0081891717705962,2.05505146372965,1.1814685893104602,2.469696185564101,3.3141408454702157,2.8419487217339934,1.4023509671312402,1.1076050613534467,2.502586913810019
229,1.8489292889805022,0.8147876867300239,1.1961499623504372,1.9661632986489046,7.142142014622504,6.674372364629403,0.18851112786080648,2.9455945216543693,4.669452006055973
230,0.7725266138439306,0.5342412484880676,-0.6329000913806557,0.16969319931196925,0.5862971693286687,0.3139823999479536,-0.38237148045873026,-0.0006711243090261609,0.6754265415566318
231,0.5781323125601101,1.1456625381634113,1.2319491976723005,0.42570507530750934,0.7812443620956002,0.6045829432439527,0.286549825806518,0.5641094271776637,-0.2652866448841463
232,-0.7153862304604739,-0.2554626456573794,-0.020520014793708796,-0.6347029812323051,1.0629048469193352,-0.480050079782552,-0.27157521117343886,0.23115805571068315,-0.648140275186394
233,-0.006215991450552516,-0.26144117464958827,-0.6458082895992509,0.10381894850985773,0.9068292849634454,-0.05700953614097226,-0.45713023295662714,-0.28121015031306507,-0.45239653469537433
234,0.3070297736400116,-0.18584358805863166,-0.0661527437240137,0.20022252494701265,0.6682921495501555,0.3209065926417036,-0.18837420826105378,0.2516438807975687,0.27190158630466965
235,-0.18300546703505016,0.7250200888347771,-0.7258368547306846,-0.21563209561289232,1.5158600196877328,-0.4779090811077801,-0.21636259406892788,0.34623174268358525,-0.39743987986957674
236,0.0823917039928439,0.44630234249222855,-0.3062501496706359,-0.43006376913904754,1.4704779209147736,0.3380796382761322,-0.8204583949685758,-0.07300654244037563,-0.5653731306746057
237,-0.5276517354440113,0.4567075201561246,0.4181523312716664,-0.1854324766851465,1.46764925949789,0.16485013537721271,0.6984740195145986,0.3507226004674304,-0.6680090970179273
238,-0.06261685693680397,1.115657505917612,-0.3257765230791889,1.7330394728125382,4.002394016240007,1.1853986370414495,0.6214049844573979,0.39584263551712073,0.24646965097879692
239,0.24047589114824675,3.6298832355018034,2.1005534859035753,-0.40764215089114864,2.4061755491449355,1.6268296949257879,-0.2036068699730873,1.458292019416945,1.4500848816881495
240,0.8170977400349329,0.6063852467797137,-0.11302575827053074,1.0230729711530255,0.8541511830388087,0.7494165821743481,0.05069207225894856,0.6607103875388187,0.4591002581590278
241,0.5125099763735717,0.4649990979811429,0.5912397898043895,0.37345799815721215,0.9198817559061354,1.0698502346103016,-0.36269289452382125,-0.3064866814478193,0.16632949736260105
242,-0.3076837785566746,-0.281045945211142,0.40914682330922414,-0.4338534439654913,0.8416878716926615,0.4416824935346544,-0.650658794206338,-0.06821514821146035,-0.6482762391409574
243,0.3937583785475278,4.584994892077776,2.383365804761761,0.8109725547250122,4.000680251923286,1.6701232646853001,1.61934348996227,1.0170285237902368,1.574920014907157
244,0.1928070454144173,-0.3328665064171561,0.1672529665664837,-0.01046816787964866,0.8738196344190277,1.8082190374045357,-0.21636919482536288,0.07648080103461319,-0.12257060279679399
245,-0.4520317301293365,0.4797490056397864,1.0846969968470073,-0.286480855325251,1.3067689655410448,1.5950254840925342,-0.38677289259468794,-0.7073991509892434,-0.6656927375607791
246,0.13362202856984995,-0.07150622926961037,0.830423399773148,0.4180088307364769,0.7668320993301467,1.047710600274626,-0.031878571047580184,0.22928942279965492,-0.5473936887877386
247,0.18707656618334467,0.6405797807253264,-0.6934584990798827,0.4801383484200368,1.8635507381816514,-0.0077487252209975654,0.11719313620912608,-0.21900342190392674,0.2927360229569367
248,1.6640859758341198,1.7313791655298871,-0.3150603761196332,1.2617238213021018,3.931698140173343,1.9509739464843525,-0.3516894359663686,1.3263357924922627,1.3423549762558777
249,-0.143596146604538,0.21543456830379548,0.6960756544153959,0.8571139173547726,2.8704512437686565,1.7952175280385285,-0.5590200673289767,-0.16090696563695261,-0.0074594635520705
250,1.322347965386789,4.712214195582022,0.657752656883889,4.327464886926128,5.072793840236539,-0.23838117180628238,1.0152418693160858,0.7316930222705791,-0.5246236178857214
251,-0.6487143382187963,-0.12069454281618464,0.24444372721465712,0.17116744475569523,0.04333166969811009,-0.43827723937850094,-0.3681230294474539,-0.11017491087523479,-0.5142675598533917
252,2.2905925308136386,3.111526143980595,-0.3673510648267382,2.640878213317533,2.1247296361545494,1.620680157718052,0.8829920853094824,1.7230327208205392,3.2523691213583215
253,-0.3914484298993237,0.5143485085020134,0.07891969975289403,0.04269662113863615,1.1324672153855353,0.2351114445064144,0.283188629916846,0.6810478222820111,-0.32574545334511606
254,1.0801244413337585,1.8033922581271704,-0.3569689932813923,0.6160912732455766,2.8033642889753847,-0.05733165840924015,-0.5818422741960327,0.5313861557503026,1.8241446419480218
255,-0.14071835207755856,-0.3925141881920735,0.16492006257265568,1.369059930944812,1.509600068131319,0.40274269510048244,-0.29488599565856777,0.8014719812117936,0.3736529361542511
256,0.09746161048001567,0.5973940223899155,-0.45346596629815117,-0.025915839345909908,1.6052377648163292,-0.12745436219179418,0.5427833389796481,1.082387393142175,0.07792842584882576
257,0.761144306099526,1.14061532825936,0.9261654159480477,1.6792487250408006,0.7650590579683598,-0.1995436172161691,0.008711985093075247,1.0505872549513349,-0.26498205596983837
258,-0.3575042165059703,0.6686547177832953,0.9696550102025336,1.320097185005543,2.2488863212516828,-0.09633607771819896,-0.013148671725143557,0.006072140558753825,-0.17574952852644654
259,-0.5862547526788442,0.9776784068752091,-0.589080607704966,-0.4298378524626001,1.2009845415951292,-0.24979044325339606,-0.6424112867777143,0.3745845523473037,-0.238402615030892
260,0.0016952739457980481,0.5794572471013841,0.23398510032605935,0.8490469541821724,1.7827348266664012,0.06917746679894021,0.343556473479147,0.12603091572444614,-0.40347637527275104
261,-0.07183105982203697,1.226183415183506,0.5825803716983851,2.2557078312221406,2.308716811121418,1.5800347585781673,-0.1388254243848207,0.5883521720398701,2.2376079592027542
262,-0.23013119438056606,0.5754967673162767,-0.10379665954694972,0.012799365925307615,0.8718706771945539,0.5246544960092616,0.16492006257265568,0.05408094231315319,-0.31076567808508093
263,0.8224273836746294,0.5024412471081532,-0.37666095177777537,0.4350807863678645,1.3055101791508288,0.8488563393881781,-0.3906427724057613,-0.3006933907098456,-0.013843707818588902
264,-0.004760652462984738,1.7997046727860453,-0.017778405696201593,-0.6583026400535916,1.3812399174981866,0.4306208974317085,-0.706726453929208,0.8831795151534574,0.22803658370266167
265,-0.24248725270588845,-0.10969388423399906,0.6813087804697284,1.9208002385217418,1.6837681153706354,1.3109428543165387,-0.07395566609885984,0.8970865295226691,-0.05385867580489567
266,-0.118698044963921,0.46249469670554433,-0.5714281919706776,1.100891223162178,1.580317831206885,-0.11029448499317851,-0.6272573632890716,-0.2020562452728757,-0.286405441486535
267,0.003497755740428543,-0.12677791192374455,-0.40235592596124237,0.913834546517724,2.3274154571109134,1.884025749191347,-0.3013405931776504,1.353202437715765,1.841387905082775
268,-0.1075659263418336,0.3591847361837892,-0.7854573505615805,0.9357649101066965,1.6390495949530357,0.4838260068511824,-0.3426430471718349,0.18304462982140368,0.2053264259740033
269,0.7070414804119403,3.529692587101583,1.136719584522968,0.17682718879167525,4.724371038080434,4.206425786380282,-0.04422014498924909,3.677316247849272,2.767849141647289
270,0.0683463495397969,1.3365300472469954,0.6775077180836448,-0.5246879188868305,1.3892021814644484,0.3864980279255761,0.4899321405686847,2.119432329859645,0.5315452250491046
271,2.4050945392938927,1.4782255245471458,-0.0656348034353792,1.4965998422761917,2.49250481290642,1.46149369543734,0.45546746776829505,1.281669363163111,0.762251395223682
272,-0.7696491544288279,-0.7693028272293778,-0.48523810321249194,0.11405658636759286,0.5842535503368014,-0.11509729678085634,-0.29905400904989243,0.8156735258065959,0.20532148641057546
273,-0.5491905729318105,0.26859769997084126,0.14948768191988848,0.2505625867807004,0.888785066875964,-0.12812912706070845,-0.16992652607405478,-0.5158859378806863,-0.6901855285389407
274,1.2710257960807394,1.6176994340553001,-0.1262979681693327,-0.2304332862782864,1.4207803596679005,0.6910874437937069,-0.04982621768529172,0.6637381869914492,0.02286258249038653
275,-0.5900391161226768,-0.14550645132870366,-0.23760333640716902,-0.38102841483906824,1.3053106214223176,-0.37634650516181645,-0.30855439788133443,-0.1480579994336737,-0.09162452654339348
276,0.02084328430673854,0.08300681857912129,0.22177733453484083,-0.10040518017951461,0.6484677761868656,-0.1300126700825862,-0.3252006641349485,-0.01730899233692962,-0.6471447508554018
277,0.1677442959169957,0.8256314388274177,0.338953966946135,0.11696551530409516,1.810042802863626,0.7791305349957478,-0.42995352879639237,-0.3727651590746983,-0.21308441184122473
278,0.5063572283128859,1.4747878580440448,-0.4911121873800074,0.3610794281679619,3.0660082299205467,-0.353713874540324,-0.23403583372873482,0.6683126935154735,0.3956851695677499
279,0.6401742858251014,0.42318626737945864,1.21132760436962,1.209933239135343,2.9492483873452113,0.7517705103408532,0.04442072618006088,0.34279864594703335,-0.07075619687635759
280,-0.40808386705701727,-0.7219806477373447,-0.4880076282704747,-0.24288809567312308,0.958241432229018,0.40615509725341603,-0.22612670550890113,0.5526724696081762,-0.38951054307473587
281,2.521002496325216,4.877627468912984,2.3225914155695007,4.850020343694003,0.6595152735581336,-0.24624390577079525,1.5534465419790524,1.4857349367736696,-0.47605255243852285
282,1.1012229064629535,1.674971753647426,-0.6045859942632328,0.5889610783298986,1.6330435596156891,0.7806134707497026,0.5036505946717216,0.575417405417231,0.338679748461332
283,1.944277203988324,1.6456798957221848,-0.6962014798033198,3.0087949710192436,4.266786308219155,-0.053434209675124245,-0.5624363720632077,1.237707991731996,0.2286141475639305
284,-0.3016373362596013,-0.305117826468176,0.2289871789546567,0.2550052842116941,0.46933835097217425,0.0710489772870515,0.36336139533405465,0.17657920288223528,-0.3045445413504988
285,0.8615226244933298,-0.0612252311495477,-0.7122038700313522,1.7891951670688027,3.736607613400568,2.352865110257419,1.415165041422703,1.626611679503557,1.1084804234654628
286,0.2989715833724951,0.19312648222373885,-0.6317840121166756,0.1717491733535046,0.6465787363778008,0.449802010309424,0.10290137287430423,-0.024624274925177936,-0.4023935435070959
287,-0.16889054360177203,1.138076967176929,-0.41772737139588356,-0.15797335815902536,0.6586647940934585,-0.355438018135686,-0.22159892119307356,0.17233437729345225,-0.3579874406793302
288,-0.784389570622179,-0.41771156541704024,-0.37004094681340105,0.2778881347654607,1.3411776354330085,0.23548255769453297,0.19458346129205673,0.6739923759377937,1.3399644913059632
289,-0.04361464040991614,1.1037719641780148,1.3030435623436492,0.12331571882540193,2.3894053514722073,0.07234669375851843,1.5225914643014797,0.8200298506247554,-0.262271214474903
290,-0.5447183331204422,0.24380471362496214,0.7711874539982588,1.2772545979283025,3.364562644236443,0.5149438106281659,0.5044955526551906,2.1568787314798312,1.2136071193989313
291,0.528488697208763,2.130921397268781,3.3212312180170613,0.4909613278862597,2.8449769976314463,1.1976701044413685,1.838094520154594,1.2571540123707656,0.08186972184271535
292,-0.3189645205679331,3.468601174755946,2.4383825042782905,1.4113137232658666,7.300765371359855,2.9411810897384774,1.4090433869541767,2.5215443778824347,0.9345519657174204
293,-0.19399805625699074,0.08659725649705985,-0.3283077471288899,0.5129705778868647,1.4560175983819224,-0.04381372092784008,-0.20532131248222119,-0.401276545159552,-0.46471500230890617
294,0.396237379655775,1.1866550544326695,-0.042661910641765055,0.3272847272007062,1.5154035805216535,-0.3268680262263799,-0.18464366529738352,-0.4808330423890167,-0.5811590535612474
295,0.02312379850619717,0.07929489601447015,1.0162928786492396,1.6877905641093207,4.281381304377407,5.670735540275522,2.2412632008288207,2.1637131601343063,2.505048029439532
296,0.07110504833733056,1.2497959563777221,-0.20034570415639552,0.712119819288016,2.059076877818064,1.0049470176475515,-0.41041686719756565,-0.3064851992139368,0.5871174340224234
297,0.6135582016181624,0.37677255862886105,-0.15348064550307872,0.9777153435844723,0.8352009085874876,0.5008849801698378,-0.34870319030191177,0.0673872404211957,0.6203109149158177
298,0.3560397536498989,2.0102164455252796,-0.21045501961189028,0.28965220764676824,2.4305058246149027,-0.06307710877318995,-0.5370381576562422,0.1877722183377073,0.1260001503160535
299,0.1598631840776823,0.358268554327561,-0.48114157402023294,3.3492057669975273,3.050934446534688,-0.15495846549589687,1.771619456101977,2.1312654996430465,0.6651585024184892
300,-0.3176290681118874,1.0792211806019827,-0.262552285977687,1.04430022047791,3.5466647880903963,-0.43072123501274384,0.06845554895326522,0.4689936772965757,-0.016714191193808348
301,0.9387538548747396,1.0747100891997912,0.23805976007238971,0.293695701284427,0.7716232692701497,0.9927188367509392,0.1924312099788681,-0.01427638776339979,-0.3633968404436182
302,-0.2571512839628127,1.0636638158549503,0.44081665066163844,-0.20261713086974142,1.448008536031928,-0.07888258100088874,1.3796563734642797,0.42428723433905713,-0.6762477874958742
303,0.368377261053888,0.6285266724007681,0.8085423538157035,0.3388683782101023,1.4350628356232158,0.02590194120628264,0.036689071725503286,1.113084632672117,0.15589976079756873
304,0.37228796943498854,0.14665598633683175,0.08498135893863679,2.4545442399963817,1.7727195463737688,0.4901393776829275,-0.12577583893068867,0.5731433335135245,1.3452798959288552
305,-0.11591296129472506,1.3834933731614036,-0.060176072694528626,-0.044389315970354226,1.502251312795936,1.0224797314848728,0.03499947644467172,0.4591376882280558,0.6971891716250997
306,0.4615468213817884,0.16680256356069134,1.469323218928909,0.9207618141547036,2.174468379065457,0.36926794160402343,-0.22691692167452648,1.8644348759939002,-0.22133984380085236
307,0.4192221705333983,2.6530432084552165,-0.0877554941404155,1.6739687037728395,4.9026983085679605,3.0465164177149653,2.9311524789503354,2.2713619206249223,0.8959298387289671
308,-0.028570125802498292,0.7112464077298586,0.5099051873443023,3.6455797289250995,4.423250643653498,2.618027512409343,0.3836996066052045,-0.021444485946577885,0.614469053710464
309,0.2658956473590466,1.94398827848305,-0.11068457126109932,0.27934558756576666,1.9628252983940881,-0.03384868215684411,0.1946232350067072,-0.3110350137156286,-0.4602255419139929
310,-0.022919831107450106,2.3047163725814377,1.299331371882849,2.066945505618556,3.483504172777912,0.5344577294378408,-0.4791974461684808,0.4269055591019497,-0.007283598851477557
311,-0.6568077591745373,-0.39969417527792284,-0.4374575716457939,0.5645486625534872,0.8986183799031924,-0.32174812311269774,0.30522008016228175,0.3380411901863145,-0.3965943333736056
312,-0.5745806007752551,-0.3526255011108006,-0.13857959673004994,1.0376035387742437,0.7437033261787978,-0.28062709763658655,0.05873490624722644,1.2632931873147775,-0.14932449068554488
313,-0.20986439363638698,1.7887604041359366,0.025365311550531233,0.4780165807819776,1.8342177889385316,0.6699578260562267,-0.3699256549512726,-0.04869587704183753,0.20010101991913887
314,-0.22601928103578972,0.04082835874407964,0.0024110763147044967,0.11290688470545174,1.2052911775936073,1.3502232219775303,-0.04857994435191104,-0.38217876539972717,-0.39766935209775434
315,-0.3679560689169409,-0.4507976896902308,0.6697098463529263,1.6391383961807948,1.9263140672767793,0.9148599034813909,0.8978743439896939,1.3174949484802503,0.1203954762512418
316,-0.006973654101731563,-0.0889579110009876,0.7709240910209256,0.9915750320794157,1.0719993743386165,1.1341627101383494,0.33359657546123134,0.5995778981037672,-0.16977855186976398
317,-0.12918870253038828,-0.044899584648287805,0.03468560873278648,1.7832600687325577,1.8108384463969323,0.568557874693191,0.37881461135939354,0.2823921814004524,-0.5861536840973955
318,-0.16142146625998988,-0.5740316748313165,-0.05718925791607887,-0.019983950950718476,1.204923355527685,-0.0930560719684479,-0.348462244310877,0.6296249552603741,-0.31807974897853386
319,-0.45431263295347935,-0.32786677057087954,0.145261906246116,0.9793105302728369,1.4117050975311694,1.412717911834573,0.2877698347500055,0.008833794425226582,-0.22601928103578972
320,0.8948036840472822,3.506520622518802,0.7920183733655639,2.924206017294074,5.093554834007008,0.16188345054380804,-0.22501032981816493,2.0199933562442838,0.32311384546296273
321,3.680231323155085,1.9202181327072565,0.2859347354264432,2.0332160275056395,3.1507548686861986,0.6249986042065592,3.90170292414303,3.70133556012639,0.5061078444422547
322,-0.15667923552493057,-0.1643969393807544,-0.21968147070001487,-0.5174999577072202,0.4480180699048464,-0.05821878706349548,-0.42223775554041054,-0.2210818673226742,0.07026217987258754
323,0.08938296013704483,0.06002996888131884,0.58195832414885,0.7435925569267321,0.722907629780712,1.1512636181626257,0.025121220837445835,1.114964971912356,-0.23794156516634613
324,-0.6587019565873413,2.4876654611442377,-0.0016668518105875663,2.4247216347201843,2.7370778565189147,-0.6655161515093936,1.1524021195541287,0.39041587742628336,-0.6222873369716674
325,-0.1834194714034858,1.8706375350123308,1.0894040110670011,2.7215124045571595,3.951882450748511,1.090309792968763,1.3297950547301225,0.2513142864217972,0.13820226403741498
326,-0.3370350060273063,-0.07155149212353029,-0.4587269648601059,0.4270651310457869,0.8945428548039587,1.1560435858547637,0.6707279726323303,-0.4567467294770349,-0.5280426537003996
327,-0.52441768999574,2.019492991467102,0.8344010638261099,-0.3847531596735846,2.1926818929659047,3.13838309141319,0.015237284454938882,1.9051642813573042,0.9581070361115478
328,-0.08111532625152174,0.18088931015419107,-0.7276005300962838,0.05325643023212434,0.43025189716587264,0.34927718180854894,-0.3076482475235107,-0.3979717283702502,-0.5610194626191749
329,0.6231467414409309,-0.5818431126205681,-0.5280098899622865,1.3831536931111796,1.2463690935210967,0.34313361139850995,-0.0486342582263104,0.6973709359048639,0.5735832343185776
330,-0.08525652426805175,0.8561694761374463,-0.3226598568630936,-0.4531958457499129,1.779237825654131,1.615986639623653,-0.20111816025878282,0.4858145956846005,1.433536599119134
331,-0.16910713051514192,-0.06804106444216107,-0.32351493182344404,-0.17635811312694138,1.0137162700315572,0.235640670096821,-0.15689569043221996,0.479668080704172,-0.8060060991486733
332,0.5317393977391585,0.672274191300293,-0.2468655361216726,1.2228837572167524,3.0439513208023756,2.204440709552863,1.3907284124904806,2.7785691479689563,0.7743865129209269
333,1.7384891725267342,0.5997129497979059,0.5405040026826022,2.504702700872103,4.18304113778888,1.133046313853331,1.6502085261195703,3.559599305873536,0.90159739478618
